Yr,Mo,yr_frac,GISS_A_C,SATO,NINO34A,RSS
1880,1,1880.041667,-0.22,0.001,-1.25,
1880,2,1880.125,-0.22,0.001,-0.44,
1880,3,1880.208333,-0.24,0.001,-0.08,
1880,4,1880.291667,-0.25,0.001,-0.07,
1880,5,1880.375,-0.30,0.001,-0.11,
1880,6,1880.458333,-0.39,0.001,-0.3,
1880,7,1880.541667,-0.21,0.001,-0.26,
1880,8,1880.625,-0.18,0.001,-0.13,
1880,9,1880.708333,-0.20,0.001,0.08,
1880,10,1880.791667,-0.27,0.001,0.27,
1880,11,1880.875,-0.30,0.001,0.31,
1880,12,1880.958333,-0.22,0.001,0.59,
1881,1,1881.041667,-0.28,0.001,0.72,
1881,2,1881.125,-0.22,0.001,0.56,
1881,3,1881.208333,-0.02,0.001,0.59,
1881,4,1881.291667,-0.05,0.001,0.58
1881,5,1881.375,-0.04,0.001,0.6
1881,6,1881.458333,-0.32,0.001,0.44
1881,7,1881.541667,-0.10,0.001,0.3
1881,8,1881.625,-0.13,0,0.28
1881,9,1881.708333,-0.29,0,0.13
1881,10,1881.791667,-0.29,0,-0.03
1881,11,1881.875,-0.33,0,-0.33
1881,12,1881.958333,-0.25,0,-0.54
1882,1,1882.041667,-0.06,0,-0.52
1882,2,1882.125,0.06,0,-0.4
1882,3,1882.208333,-0.08,0,-0.2
1882,4,1882.291667,-0.27,0,0.02
1882,5,1882.375,-0.22,0,0.13
1882,6,1882.458333,-0.29,0,-0.3
1882,7,1882.541667,-0.27,0,-0.37
1882,8,1882.625,-0.16,0,-0.33
1882,9,1882.708333,-0.24,0,-0.28
1882,10,1882.791667,-0.36,0,-0.65
1882,11,1882.875,-0.29,0,-0.76
1882,12,1882.958333,-0.47,0,-0.56
1883,1,1883.041667,-0.41,0.029,-0.39
1883,2,1883.125,-0.36,0.033,-0.13
1883,3,1883.208333,-0.17,0.03,0.07
1883,4,1883.291667,-0.17,0.028,0.22
1883,5,1883.375,-0.24,0.025,0.13
1883,6,1883.458333,-0.09,0.023,0.25
1883,7,1883.541667,-0.10,0.022,0.31
1883,8,1883.625,-0.19,0.02,0.46
1883,9,1883.708333,-0.29,0.041,0.13
1883,10,1883.791667,-0.29,0.078,-0.11
1883,11,1883.875,-0.30,0.106,0
1883,12,1883.958333,-0.23,0.132,-0.07
1884,1,1884.041667,-0.22,0.152,0.05
1884,2,1884.125,-0.16,0.152,0
1884,3,1884.208333,-0.31,0.163,-0.04
1884,4,1884.291667,-0.38,0.164,0.2
1884,5,1884.375,-0.32,0.157,0.44
1884,6,1884.458333,-0.36,0.152,0.03
1884,7,1884.541667,-0.27,0.152,0.23
1884,8,1884.625,-0.26,0.139,0.37
1884,9,1884.708333,-0.33,0.135,0.46
1884,10,1884.791667,-0.33,0.125,0.62
1884,11,1884.875,-0.34,0.115,0.7
1884,12,1884.958333,-0.32,0.108,0.65
1885,1,1885.041667,-0.60,0.101,0.7
1885,2,1885.125,-0.32,0.087,0.56
1885,3,1885.208333,-0.19,0.082,0.75
1885,4,1885.291667,-0.35,0.073,0.81
1885,5,1885.375,-0.36,0.067,0.68
1885,6,1885.458333,-0.41,0.061,0.74
1885,7,1885.541667,-0.24,0.058,0.69
1885,8,1885.625,-0.27,0.053,0.9
1885,9,1885.708333,-0.27,0.049,1.07
1885,10,1885.791667,-0.26,0.047,1.18
1885,11,1885.875,-0.26,0.043,1.24
1885,12,1885.958333,-0.13,0.041,1.03
1886,1,1886.041667,-0.42,0.038,0.55
1886,2,1886.125,-0.39,0.034,0.06
1886,3,1886.208333,-0.33,0.031,0.13
1886,4,1886.291667,-0.15,0.029,0.16
1886,5,1886.375,-0.16,0.026,-0.26
1886,6,1886.458333,-0.29,0.024,-0.86
1886,7,1886.541667,-0.02,0.022,-0.83
1886,8,1886.625,-0.18,0.02,-0.91
1886,9,1886.708333,-0.20,0.02,-0.69
1886,10,1886.791667,-0.34,0.069,-1.06
1886,11,1886.875,-0.24,0.064,-1.16
1886,12,1886.958333,-0.28,0.058,-1.39
1887,1,1887.041667,-0.62,0.054,-1.07
1887,2,1887.125,-0.51,0.05,-0.93
1887,3,1887.208333,-0.38,0.046,-0.78
1887,4,1887.291667,-0.39,0.042,-0.81
1887,5,1887.375,-0.25,0.039,-0.46
1887,6,1887.458333,-0.24,0.036,-0.35
1887,7,1887.541667,-0.09,0.033,-0.07
1887,8,1887.625,-0.29,0.034,-0.25
1887,9,1887.708333,-0.26,0.032,-0.07
1887,10,1887.791667,-0.42,0.029,-0.07
1887,11,1887.875,-0.39,0.027,0.01
1887,12,1887.958333,-0.38,0.025,0.21
1888,1,1888.041667,-0.38,0.023,0.58
1888,2,1888.125,-0.46,0.021,0.87
1888,3,1888.208333,-0.46,0.019,0.93
1888,4,1888.291667,-0.34,0.018,0.69
1888,5,1888.375,-0.25,0.016,0.66
1888,6,1888.458333,-0.25,0.011,0.87
1888,7,1888.541667,-0.21,0.013,0.99
1888,8,1888.625,-0.25,0.015,0.97
1888,9,1888.708333,-0.21,0.022,1.32
1888,10,1888.791667,-0.12,0.029,1.66
1888,11,1888.875,-0.03,0.037,1.93
1888,12,1888.958333,-0.21,0.038,1.91
1889,1,1889.041667,-0.12,0.038,1.99
1889,2,1889.125,0.08,0.039,1.65
1889,3,1889.208333,-0.04,0.036,1.4
1889,4,1889.291667,-0.02,0.033,1.05
1889,5,1889.375,-0.05,0.03,0.88
1889,6,1889.458333,-0.11,0.028,0.36
1889,7,1889.541667,-0.17,0.026,-0.24
1889,8,1889.625,-0.22,0.024,-0.8
1889,9,1889.708333,-0.23,0.022,-0.84
1889,10,1889.791667,-0.29,0.02,-1.19
1889,11,1889.875,-0.35,0.019,-1.37
1889,12,1889.958333,-0.29,0.026,-1.36
1890,1,1890.041667,-0.45,0.032,-1.7
1890,2,1890.125,-0.41,0.039,-1.1
1890,3,1890.208333,-0.31,0.042,-0.92
1890,4,1890.291667,-0.33,0.045,-0.7
1890,5,1890.375,-0.44,0.048,-0.72
1890,6,1890.458333,-0.36,0.044,-0.73
1890,7,1890.541667,-0.29,0.041,-0.7
1890,8,1890.625,-0.33,0.037,-0.83
1890,9,1890.708333,-0.38,0.034,-0.93
1890,10,1890.791667,-0.26,0.033,-1.13
1890,11,1890.875,-0.52,0.036,-0.9
1890,12,1890.958333,-0.34,0.037,-0.27
1891,1,1891.041667,-0.45,0.04,0.06
1891,2,1891.125,-0.52,0.042,0.15
1891,3,1891.208333,-0.18,0.039,0.08
1891,4,1891.291667,-0.31,0.036,0.37
1891,5,1891.375,-0.20,0.033,0.57
1891,6,1891.458333,-0.22,0.03,0.57
1891,7,1891.541667,-0.26,0.028,0.43
1891,8,1891.625,-0.22,0.026,0.34
1891,9,1891.708333,-0.18,0.024,0.19
1891,10,1891.791667,-0.25,0.022,0.21
1891,11,1891.875,-0.40,0.021,0.16
1891,12,1891.958333,-0.12,0.021,0.05
1892,1,1892.041667,-0.39,0.021,0.13
1892,2,1892.125,-0.08,0.021,0.03
1892,3,1892.208333,-0.34,0.023,-0.22
1892,4,1892.291667,-0.44,0.025,-0.37
1892,5,1892.375,-0.30,0.028,-0.37
1892,6,1892.458333,-0.20,0.025,-0.38
1892,7,1892.541667,-0.33,0.023,-0.65
1892,8,1892.625,-0.29,0.021,-0.99
1892,9,1892.708333,-0.22,0.02,-1.29
1892,10,1892.791667,-0.33,0.018,-1.76
1892,11,1892.875,-0.42,0.017,-1.71
1892,12,1892.958333,-0.47,0.015,-1.42
1893,1,1893.041667,-0.87,0.014,-1.38
1893,2,1893.125,-0.54,0.013,-1.48
1893,3,1893.208333,-0.16,0.012,-1.17
1893,4,1893.291667,-0.31,0.011,-1.09
1893,5,1893.375,-0.36,0.01,-1.09
1893,6,1893.458333,-0.26,0.009,-1.07
1893,7,1893.541667,-0.11,0.009,-0.94
1893,8,1893.625,-0.25,0.008,-1.09
1893,9,1893.708333,-0.24,0.007,-1.22
1893,10,1893.791667,-0.17,0.007,-1.39
1893,11,1893.875,-0.21,0.006,-1.32
1893,12,1893.958333,-0.34,0.006,-1.17
1894,1,1894.041667,-0.49,0.005,-1.22
1894,2,1894.125,-0.34,0.005,-1.13
1894,3,1894.208333,-0.21,0.004,-1.16
1894,4,1894.291667,-0.39,0.004,-1.05
1894,5,1894.375,-0.33,0.004,-0.96
1894,6,1894.458333,-0.41,0.003,-0.66
1894,7,1894.541667,-0.20,0.003,-0.34
1894,8,1894.625,-0.25,0.003,-0.64
1894,9,1894.708333,-0.37,0.003,-0.54
1894,10,1894.791667,-0.29,0.002,-0.37
1894,11,1894.875,-0.39,0.002,-0.08
1894,12,1894.958333,-0.30,0.002,-0.14
1895,1,1895.041667,-0.54,0.002,-0.19
1895,2,1895.125,-0.53,0.002,-0.25
1895,3,1895.208333,-0.30,0.002,-0.1
1895,4,1895.291667,-0.28,0.001,0
1895,5,1895.375,-0.30,0.001,-0.05
1895,6,1895.458333,-0.24,0.001,-0.17
1895,7,1895.541667,-0.21,0.001,-0.17
1895,8,1895.625,-0.21,0.001,0.03
1895,9,1895.708333,-0.13,0.001,0.26
1895,10,1895.791667,-0.17,0.001,0.23
1895,11,1895.875,-0.12,0.001,0.49
1895,12,1895.958333,-0.20,0.001,0.37
1896,1,1896.041667,-0.20,0.006,0.25
1896,2,1896.125,-0.16,0.006,0.35
1896,3,1896.208333,-0.29,0.007,0.24
1896,4,1896.291667,-0.38,0.013,0.32
1896,5,1896.375,-0.15,0.02,0.16
1896,6,1896.458333,-0.13,0.022,0.35
1896,7,1896.541667,-0.10,0.025,0.7
1896,8,1896.625,-0.14,0.028,1.14
1896,9,1896.708333,-0.13,0.026,1.09
1896,10,1896.791667,-0.02,0.024,1.28
1896,11,1896.875,-0.17,0.022,1.6
1896,12,1896.958333,-0.13,0.02,1.91
1897,1,1897.041667,-0.20,0.018,1.75
1897,2,1897.125,-0.15,0.017,1.28
1897,3,1897.208333,-0.21,0.016,0.8
1897,4,1897.291667,-0.06,0.014,0.22
1897,5,1897.375,-0.01,0.014,0.05
1897,6,1897.458333,-0.14,0.014,0.15
1897,7,1897.541667,-0.02,0.015,0.13
1897,8,1897.625,-0.08,0.015,-0.15
1897,9,1897.708333,-0.15,0.017,-0.15
1897,10,1897.791667,-0.17,0.019,-0.51
1897,11,1897.875,-0.20,0.022,-0.72
1897,12,1897.958333,-0.12,0.02,-0.44
1898,1,1898.041667,0.06,0.018,-0.39
1898,2,1898.125,-0.23,0.017,-0.5
1898,3,1898.208333,-0.48,0.015,-0.51
1898,4,1898.291667,-0.25,0.014,-0.24
1898,5,1898.375,-0.34,0.013,-0.26
1898,6,1898.458333,-0.20,0.012,-0.15
1898,7,1898.541667,-0.17,0.011,-0.32
1898,8,1898.625,-0.16,0.01,-0.38
1898,9,1898.708333,-0.21,0.009,-0.38
1898,10,1898.791667,-0.32,0.009,-0.47
1898,11,1898.875,-0.39,0.008,-0.65
1898,12,1898.958333,-0.26,0.007,-0.85
1899,1,1899.041667,-0.22,0.007,-0.72
1899,2,1899.125,-0.37,0.006,-0.51
1899,3,1899.208333,-0.27,0.006,-0.31
1899,4,1899.291667,-0.20,0.005,0
1899,5,1899.375,-0.19,0.005,0.32
1899,6,1899.458333,-0.23,0.004,0.27
1899,7,1899.541667,-0.14,0.004,0.56
1899,8,1899.625,-0.11,0.004,0.88
1899,9,1899.708333,-0.12,0.003,0.95
1899,10,1899.791667,-0.05,0.003,1.25
1899,11,1899.875,0.13,0.003,1.49
1899,12,1899.958333,-0.28,0.003,1.56
1900,1,1900.041667,-0.32,0.002,1.41
1900,2,1900.125,0.02,0.002,1.3
1900,3,1900.208333,-0.02,0.002,0.96
1900,4,1900.291667,-0.11,0.002,0.97
1900,5,1900.375,-0.06,0.002,0.93
1900,6,1900.458333,-0.08,0.002,0.79
1900,7,1900.541667,-0.11,0.002,0.68
1900,8,1900.625,-0.11,0.001,0.62
1900,9,1900.708333,-0.07,0.001,0.62
1900,10,1900.791667,-0.02,0.001,0.56
1900,11,1900.875,-0.15,0.001,0.4
1900,12,1900.958333,-0.10,0.001,0.7
1901,1,1901.041667,-0.20,0.001,0.67
1901,2,1901.125,-0.01,0.001,0.33
1901,3,1901.208333,0.01,0.001,0.04
1901,4,1901.291667,0.00,0.001,0.12
1901,5,1901.375,-0.13,0.001,-0.08
1901,6,1901.458333,-0.15,0.001,-0.1
1901,7,1901.541667,-0.18,0.001,-0.19
1901,8,1901.625,-0.19,0.001,-0.15
1901,9,1901.708333,-0.26,0.001,-0.1
1901,10,1901.791667,-0.25,0,-0.17
1901,11,1901.875,-0.24,0,-0.28
1901,12,1901.958333,-0.27,0,-0.31
1902,1,1902.041667,-0.16,0.003,-0.02
1902,2,1902.125,0.01,0.004,0.27
1902,3,1902.208333,-0.24,0.006,0.46
1902,4,1902.291667,-0.29,0.009,0.61
1902,5,1902.375,-0.31,0.011,0.87
1902,6,1902.458333,-0.29,0.01,1.03
1902,7,1902.541667,-0.18,0.009,1.68
1902,8,1902.625,-0.28,0.01,1.72
1902,9,1902.708333,-0.29,0.021,1.76
1902,10,1902.791667,-0.32,0.039,1.81
1902,11,1902.875,-0.41,0.053,1.96
1902,12,1902.958333,-0.46,0.066,1.92
1903,1,1903.041667,-0.24,0.076,1.65
1903,2,1903.125,0.05,0.076,1.4
1903,3,1903.208333,-0.14,0.082,1.11
1903,4,1903.291667,-0.38,0.082,0.8
1903,5,1903.375,-0.34,0.078,0.42
1903,6,1903.458333,-0.43,0.076,0.21
1903,7,1903.541667,-0.28,0.076,-0.06
1903,8,1903.625,-0.39,0.07,-0.18
1903,9,1903.708333,-0.45,0.067,-0.38
1903,10,1903.791667,-0.42,0.063,-0.4
1903,11,1903.875,-0.31,0.057,-0.71
1903,12,1903.958333,-0.42,0.054,-0.98
1904,1,1904.041667,-0.51,0.05,-0.83
1904,2,1904.125,-0.45,0.044,-0.72
1904,3,1904.208333,-0.30,0.041,-0.42
1904,4,1904.291667,-0.41,0.036,-0.1
1904,5,1904.375,-0.39,0.033,0.16
1904,6,1904.458333,-0.37,0.031,0.34
1904,7,1904.541667,-0.34,0.029,0.44
1904,8,1904.625,-0.32,0.026,0.52
1904,9,1904.708333,-0.41,0.024,0.42
1904,10,1904.791667,-0.30,0.023,0.7
1904,11,1904.875,-0.10,0.022,0.83
1904,12,1904.958333,-0.20,0.021,1.12
1905,1,1905.041667,-0.30,0.019,1.31
1905,2,1905.125,-0.50,0.017,1.28
1905,3,1905.208333,-0.18,0.016,1.37
1905,4,1905.291667,-0.32,0.015,1.25
1905,5,1905.375,-0.27,0.013,1.42
1905,6,1905.458333,-0.25,0.012,1.39
1905,7,1905.541667,-0.19,0.011,1.44
1905,8,1905.625,-0.19,0.01,1.5
1905,9,1905.708333,-0.19,0.01,1.76
1905,10,1905.791667,-0.28,0.009,1.6
1905,11,1905.875,-0.08,0.009,1.56
1905,12,1905.958333,-0.20,0.009,1.61
1906,1,1906.041667,-0.30,0.009,1.35
1906,2,1906.125,-0.30,0.009,0.93
1906,3,1906.208333,-0.21,0.007,0.77
1906,4,1906.291667,-0.04,0.006,0.74
1906,5,1906.375,-0.22,0.006,0.33
1906,6,1906.458333,-0.14,0.005,0.47
1906,7,1906.541667,-0.21,0.005,0.32
1906,8,1906.625,-0.10,0.009,-0.15
1906,9,1906.708333,-0.25,0.008,-0.21
1906,10,1906.791667,-0.15,0.008,-0.51
1906,11,1906.875,-0.35,0.007,-0.54
1906,12,1906.958333,-0.12,0.006,-0.37
1907,1,1907.041667,-0.45,0.006,-0.42
1907,2,1907.125,-0.45,0.006,-0.39
1907,3,1907.208333,-0.25,0.007,-0.26
1907,4,1907.291667,-0.42,0.009,0.09
1907,5,1907.375,-0.49,0.011,0.43
1907,6,1907.458333,-0.41,0.011,0.66
1907,7,1907.541667,-0.37,0.011,0.66
1907,8,1907.625,-0.37,0.011,0.45
1907,9,1907.708333,-0.29,0.01,0.34
1907,10,1907.791667,-0.26,0.009,0.08
1907,11,1907.875,-0.43,0.008,-0.29
1907,12,1907.958333,-0.44,0.01,0.07
1908,1,1908.041667,-0.41,0.013,0.03
1908,2,1908.125,-0.23,0.015,0.14
1908,3,1908.208333,-0.48,0.013,-0.53
1908,4,1908.291667,-0.42,0.012,-0.51
1908,5,1908.375,-0.32,0.011,-0.33
1908,6,1908.458333,-0.26,0.01,-0.36
1908,7,1908.541667,-0.22,0.01,-0.61
1908,8,1908.625,-0.34,0.009,-0.27
1908,9,1908.708333,-0.23,0.008,-0.42
1908,10,1908.791667,-0.33,0.007,-0.61
1908,11,1908.875,-0.41,0.007,-0.88
1908,12,1908.958333,-0.40,0.006,-0.93
1909,1,1909.041667,-0.58,0.006,-0.75
1909,2,1909.125,-0.35,0.005,-0.64
1909,3,1909.208333,-0.45,0.005,-0.68
1909,4,1909.291667,-0.45,0.005,-0.32
1909,5,1909.375,-0.39,0.004,-0.19
1909,6,1909.458333,-0.37,0.004,-0.29
1909,7,1909.541667,-0.33,0.004,-0.19
1909,8,1909.625,-0.24,0.003,-0.05
1909,9,1909.708333,-0.25,0.003,-0.49
1909,10,1909.791667,-0.23,0.003,-0.99
1909,11,1909.875,-0.20,0.003,-1.27
1909,12,1909.958333,-0.40,0.002,-1.1
1910,1,1910.041667,-0.28,0.003,-1.03
1910,2,1910.125,-0.30,0.004,-1.29
1910,3,1910.208333,-0.34,0.004,-1.15
1910,4,1910.291667,-0.30,0.004,-1.28
1910,5,1910.375,-0.34,0.004,-1.16
1910,6,1910.458333,-0.36,0.003,-0.9
1910,7,1910.541667,-0.21,0.003,-0.79
1910,8,1910.625,-0.26,0.003,-0.99
1910,9,1910.708333,-0.30,0.003,-0.81
1910,10,1910.791667,-0.32,0.002,-0.77
1910,11,1910.875,-0.41,0.002,-0.88
1910,12,1910.958333,-0.56,0.002,-0.76
1911,1,1911.041667,-0.52,0.002,-0.61
1911,2,1911.125,-0.46,0.002,-0.78
1911,3,1911.208333,-0.48,0.002,-0.69
1911,4,1911.291667,-0.48,0.002,-0.58
1911,5,1911.375,-0.40,0.002,-0.31
1911,6,1911.458333,-0.36,0.002,-0.14
1911,7,1911.541667,-0.25,0.001,0.03
1911,8,1911.625,-0.29,0.001,0.16
1911,9,1911.708333,-0.25,0.001,0.44
1911,10,1911.791667,-0.21,0.001,0.69
1911,11,1911.875,-0.16,0.001,1
1911,12,1911.958333,-0.19,0.001,1.06
1912,1,1912.041667,-0.22,0.001,1.17
1912,2,1912.125,-0.16,0.002,1.12
1912,3,1912.208333,-0.35,0.002,0.81
1912,4,1912.291667,-0.20,0.002,0.85
1912,5,1912.375,-0.23,0.002,0.68
1912,6,1912.458333,-0.23,0.015,0.43
1912,7,1912.541667,-0.40,0.027,0.08
1912,8,1912.625,-0.53,0.04,-0.08
1912,9,1912.708333,-0.50,0.038,-0.1
1912,10,1912.791667,-0.53,0.036,0.05
1912,11,1912.875,-0.34,0.034,0.16
1912,12,1912.958333,-0.35,0.033,0.03
1913,1,1913.041667,-0.39,0.032,0.1
1913,2,1913.125,-0.35,0.032,0.22
1913,3,1913.208333,-0.35,0.029,-0.07
1913,4,1913.291667,-0.35,0.027,-0.08
1913,5,1913.375,-0.40,0.028,0.09
1913,6,1913.458333,-0.45,0.025,0.19
1913,7,1913.541667,-0.35,0.023,0.27
1913,8,1913.625,-0.30,0.021,0.38
1913,9,1913.708333,-0.31,0.02,0.37
1913,10,1913.791667,-0.32,0.018,0.53
1913,11,1913.875,-0.19,0.017,0.87
1913,12,1913.958333,-0.03,0.015,1.02
1914,1,1914.041667,-0.06,0.014,1.07
1914,2,1914.125,-0.11,0.013,0.92
1914,3,1914.208333,-0.21,0.012,0.79
1914,4,1914.291667,-0.27,0.012,1.18
1914,5,1914.375,-0.18,0.011,1.11
1914,6,1914.458333,-0.20,0.01,0.94
1914,7,1914.541667,-0.17,0.009,0.96
1914,8,1914.625,-0.13,0.008,1.17
1914,9,1914.708333,-0.18,0.008,1.15
1914,10,1914.791667,0.00,0.007,1.2
1914,11,1914.875,-0.16,0.007,1.22
1914,12,1914.958333,-0.15,0.006,1.32
1915,1,1915.041667,-0.21,0.006,1.4
1915,2,1915.125,-0.06,0.005,1.38
1915,3,1915.208333,-0.13,0.005,1.35
1915,4,1915.291667,0.02,0.004,1.13
1915,5,1915.375,0.01,0.004,1.26
1915,6,1915.458333,0.02,0.004,1.23
1915,7,1915.541667,-0.01,0.003,1.22
1915,8,1915.625,-0.14,0.003,0.78
1915,9,1915.708333,-0.05,0.003,0.43
1915,10,1915.791667,-0.20,0.003,0.3
1915,11,1915.875,-0.09,0.003,0.16
1915,12,1915.958333,-0.20,0.003,-0.16
1916,1,1916.041667,-0.15,0.003,-0.33
1916,2,1916.125,-0.16,0.003,-0.39
1916,3,1916.208333,-0.32,0.003,-0.5
1916,4,1916.291667,-0.26,0.003,-0.46
1916,5,1916.375,-0.33,0.003,-0.48
1916,6,1916.458333,-0.34,0.002,-0.49
1916,7,1916.541667,-0.28,0.002,-0.61
1916,8,1916.625,-0.22,0.002,-0.87
1916,9,1916.708333,-0.29,0.002,-1.03
1916,10,1916.791667,-0.22,0.002,-1.08
1916,11,1916.875,-0.40,0.003,-1.2
1916,12,1916.958333,-0.66,0.003,-1.38
1917,1,1917.041667,-0.43,0.003,-1.47
1917,2,1917.125,-0.53,0.003,-1.13
1917,3,1917.208333,-0.47,0.003,-1.15
1917,4,1917.291667,-0.40,0.003,-0.65
1917,5,1917.375,-0.54,0.002,-0.25
1917,6,1917.458333,-0.38,0.002,0.06
1917,7,1917.541667,-0.18,0.002,0.07
1917,8,1917.625,-0.23,0.002,-0.28
1917,9,1917.708333,-0.19,0.002,-0.5
1917,10,1917.791667,-0.38,0.002,-0.83
1917,11,1917.875,-0.32,0.001,-0.96
1917,12,1917.958333,-0.70,0.001,-1.08
1918,1,1918.041667,-0.48,0.002,-1.05
1918,2,1918.125,-0.42,0.002,-0.81
1918,3,1918.208333,-0.27,0.003,-0.42
1918,4,1918.291667,-0.43,0.002,-0.09
1918,5,1918.375,-0.44,0.002,0.18
1918,6,1918.458333,-0.31,0.002,0.42
1918,7,1918.541667,-0.29,0.002,0.65
1918,8,1918.625,-0.37,0.002,0.68
1918,9,1918.708333,-0.23,0.002,0.99
1918,10,1918.791667,-0.09,0.001,1.34
1918,11,1918.875,-0.20,0.001,1.4
1918,12,1918.958333,-0.32,0.001,1.44
1919,1,1919.041667,-0.19,0.001,1.48
1919,2,1919.125,-0.21,0.002,1.42
1919,3,1919.208333,-0.19,0.003,1.28
1919,4,1919.291667,-0.10,0.003,1.06
1919,5,1919.375,-0.17,0.002,0.72
1919,6,1919.458333,-0.15,0.002,0.62
1919,7,1919.541667,-0.17,0.002,0.59
1919,8,1919.625,-0.15,0.002,0.52
1919,9,1919.708333,-0.11,0.002,0.63
1919,10,1919.791667,-0.17,0.002,0.42
1919,11,1919.875,-0.45,0.001,0.57
1919,12,1919.958333,-0.34,0.001,0.86
1920,1,1920.041667,-0.12,0.001,0.87
1920,2,1920.125,-0.19,0.001,0.91
1920,3,1920.208333,0.02,0.001,0.82
1920,4,1920.291667,-0.10,0.003,0.94
1920,5,1920.375,-0.10,0.007,0.89
1920,6,1920.458333,-0.17,0.01,1.03
1920,7,1920.541667,-0.21,0.014,0.87
1920,8,1920.625,-0.17,0.017,0.59
1920,9,1920.708333,-0.19,0.016,0.32
1920,10,1920.791667,-0.25,0.015,0.11
1920,11,1920.875,-0.28,0.014,-0.18
1920,12,1920.958333,-0.45,0.012,-0.51
1921,1,1921.041667,0.00,0.011,-0.39
1921,2,1921.125,-0.17,0.01,-0.98
1921,3,1921.208333,-0.13,0.01,-1.87
1921,4,1921.291667,-0.12,0.009,-0.71
1921,5,1921.375,-0.18,0.008,-0.37
1921,6,1921.458333,-0.10,0.008,-0.21
1921,7,1921.541667,0.00,0.007,-0.08
1921,8,1921.625,-0.24,0.006,0.14
1921,9,1921.708333,-0.20,0.006,0.09
1921,10,1921.791667,-0.08,0.005,0.02
1921,11,1921.875,-0.17,0.005,-0.26
1921,12,1921.958333,-0.18,0.005,-0.09
1922,1,1922.041667,-0.31,0.004,-0.17
1922,2,1922.125,-0.36,0.004,0.28
1922,3,1922.208333,-0.18,0.004,0.3
1922,4,1922.291667,-0.23,0.003,0.01
1922,5,1922.375,-0.29,0.003,0.25
1922,6,1922.458333,-0.24,0.003,0.08
1922,7,1922.541667,-0.15,0.003,-0.25
1922,8,1922.625,-0.25,0.002,-0.73
1922,9,1922.708333,-0.29,0.002,-0.3
1922,10,1922.791667,-0.25,0.002,-0.37
1922,11,1922.875,-0.17,0.002,-0.17
1922,12,1922.958333,-0.18,0.002,-0.31
1923,1,1923.041667,-0.24,0.002,-0.56
1923,2,1923.125,-0.29,0.001,-0.47
1923,3,1923.208333,-0.24,0.001,-0.05
1923,4,1923.291667,-0.33,0.001,0.21
1923,5,1923.375,-0.33,0.001,0.38
1923,6,1923.458333,-0.22,0.001,0.38
1923,7,1923.541667,-0.25,0.001,0.3
1923,8,1923.625,-0.29,0.001,0.93
1923,9,1923.708333,-0.26,0.001,0.8
1923,10,1923.791667,-0.07,0.001,0.69
1923,11,1923.875,0.04,0.001,0.81
1923,12,1923.958333,-0.01,0.001,0.89
1924,1,1924.041667,-0.24,0.003,0.8
1924,2,1924.125,-0.26,0.003,0.89
1924,3,1924.208333,-0.10,0.003,0.61
1924,4,1924.291667,-0.29,0.003,0.25
1924,5,1924.375,-0.20,0.003,-0.29
1924,6,1924.458333,-0.19,0.003,-0.2
1924,7,1924.541667,-0.17,0.004,-0.23
1924,8,1924.625,-0.20,0.004,-0.37
1924,9,1924.708333,-0.23,0.004,-0.54
1924,10,1924.791667,-0.23,0.004,-0.79
1924,11,1924.875,-0.13,0.003,-1.23
1924,12,1924.958333,-0.31,0.003,-0.83
1925,1,1925.041667,-0.28,0.003,-1.27
1925,2,1925.125,-0.25,0.003,-0.89
1925,3,1925.208333,-0.18,0.003,-0.56
1925,4,1925.291667,-0.17,0.003,-0.17
1925,5,1925.375,-0.23,0.004,-0.29
1925,6,1925.458333,-0.26,0.003,-0.13
1925,7,1925.541667,-0.20,0.003,0.31
1925,8,1925.625,-0.13,0.003,0.73
1925,9,1925.708333,-0.16,0.002,0.63
1925,10,1925.791667,-0.19,0.002,0.69
1925,11,1925.875,-0.01,0.002,1.26
1925,12,1925.958333,0.16,0.002,1.61
1926,1,1926.041667,0.21,0.002,1.42
1926,2,1926.125,0.12,0.002,1.12
1926,3,1926.208333,0.21,0.002,1.11
1926,4,1926.291667,-0.05,0.001,0.86
1926,5,1926.375,-0.12,0.001,0.54
1926,6,1926.458333,-0.13,0.003,0.48
1926,7,1926.541667,-0.09,0.003,0.71
1926,8,1926.625,0.01,0.003,0.53
1926,9,1926.708333,-0.05,0.003,0.08
1926,10,1926.791667,-0.02,0.003,-0.12
1926,11,1926.875,-0.06,0.003,-0.01
1926,12,1926.958333,-0.21,0.002,-0.22
1927,1,1927.041667,-0.19,0.002,-0.35
1927,2,1927.125,-0.04,0.002,0.1
1927,3,1927.208333,-0.29,0.002,-0.24
1927,4,1927.291667,-0.22,0.002,-0.24
1927,5,1927.375,-0.19,0.002,-0.22
1927,6,1927.458333,-0.15,0.001,0.06
1927,7,1927.541667,-0.04,0.001,-0.11
1927,8,1927.625,-0.15,0.001,0.12
1927,9,1927.708333,-0.07,0.001,0.2
1927,10,1927.791667,0.04,0.001,0.36
1927,11,1927.875,0.00,0.001,0.25
1927,12,1927.958333,-0.29,0.001,0.19
1928,1,1928.041667,0.05,0.002,0.16
1928,2,1928.125,0.01,0.002,0.09
1928,3,1928.208333,-0.16,0.003,-0.3
1928,4,1928.291667,-0.23,0.003,0.15
1928,5,1928.375,-0.24,0.004,0.37
1928,6,1928.458333,-0.27,0.006,0.23
1928,7,1928.541667,-0.11,0.006,0.39
1928,8,1928.625,-0.14,0.007,0.25
1928,9,1928.708333,-0.10,0.007,0.26
1928,10,1928.791667,-0.10,0.007,-0.02
1928,11,1928.875,0.00,0.007,-0.1
1928,12,1928.958333,-0.07,0.008,-0.12
1929,1,1929.041667,-0.31,0.009,-0.16
1929,2,1929.125,-0.41,0.01,0.05
1929,3,1929.208333,-0.22,0.01,-0.07
1929,4,1929.291667,-0.29,0.01,0.15
1929,5,1929.375,-0.31,0.01,0.04
1929,6,1929.458333,-0.29,0.01,0.29
1929,7,1929.541667,-0.24,0.01,0.39
1929,8,1929.625,-0.23,0.011,0.47
1929,9,1929.708333,-0.20,0.01,0.53
1929,10,1929.791667,-0.06,0.01,0.54
1929,11,1929.875,0.00,0.009,0.77
1929,12,1929.958333,-0.40,0.009,0.85
1930,1,1930.041667,-0.14,0.008,0.55
1930,2,1930.125,-0.13,0.007,0.41
1930,3,1930.208333,-0.01,0.007,0.47
1930,4,1930.291667,-0.16,0.006,0.66
1930,5,1930.375,-0.17,0.006,0.33
1930,6,1930.458333,-0.14,0.006,0.49
1930,7,1930.541667,-0.06,0.006,1
1930,8,1930.625,-0.02,0.006,0.94
1930,9,1930.708333,-0.10,0.006,1.25
1930,10,1930.791667,-0.06,0.005,1.31
1930,11,1930.875,0.19,0.005,1.91
1930,12,1930.958333,0.00,0.005,1.62
1931,1,1931.041667,0.01,0.005,1.58
1931,2,1931.125,-0.17,0.005,1.4
1931,3,1931.208333,0.01,0.005,1.17
1931,4,1931.291667,-0.12,0.005,1.15
1931,5,1931.375,-0.08,0.005,0.91
1931,6,1931.458333,0.07,0.005,0.72
1931,7,1931.541667,0.12,0.005,0.44
1931,8,1931.625,0.04,0.004,0.19
1931,9,1931.708333,-0.08,0.004,-0.4
1931,10,1931.791667,0.06,0.004,-0.71
1931,11,1931.875,0.00,0.004,-0.34
1931,12,1931.958333,0.02,0.004,-0.44
1932,1,1932.041667,0.18,0.005,-0.62
1932,2,1932.125,-0.11,0.006,-0.36
1932,3,1932.208333,-0.09,0.006,0.28
1932,4,1932.291667,-0.01,0.006,0.22
1932,5,1932.375,-0.08,0.007,0.26
1932,6,1932.458333,-0.17,0.009,0.21
1932,7,1932.541667,-0.09,0.01,0.02
1932,8,1932.625,-0.10,0.01,0.04
1932,9,1932.708333,0.03,0.01,0.05
1932,10,1932.791667,0.04,0.01,-0.02
1932,11,1932.875,-0.14,0.01,0.02
1932,12,1932.958333,-0.14,0.01,-0.26
1933,1,1933.041667,-0.20,0.009,-0.5
1933,2,1933.125,-0.17,0.009,-0.3
1933,3,1933.208333,-0.16,0.008,-0.32
1933,4,1933.291667,-0.14,0.008,-0.3
1933,5,1933.375,-0.17,0.007,-0.52
1933,6,1933.458333,-0.16,0.007,-0.76
1933,7,1933.541667,-0.04,0.006,-0.56
1933,8,1933.625,-0.10,0.006,-0.99
1933,9,1933.708333,-0.17,0.005,-0.89
1933,10,1933.791667,-0.12,0.005,-1.19
1933,11,1933.875,-0.25,0.004,-1.21
1933,12,1933.958333,-0.39,0.004,-1.29
1934,1,1934.041667,-0.14,0.004,-0.9
1934,2,1934.125,0.05,0.003,-1.05
1934,3,1934.208333,-0.23,0.003,-0.88
1934,4,1934.291667,-0.22,0.003,-0.35
1934,5,1934.375,-0.03,0.003,-0.05
1934,6,1934.458333,-0.05,0.003,-0.07
1934,7,1934.541667,0.00,0.004,-0.21
1934,8,1934.625,-0.03,0.004,-0.02
1934,9,1934.708333,-0.13,0.004,-0.28
1934,10,1934.791667,0.00,0.004,-0.42
1934,11,1934.875,0.11,0.005,-0.02
1934,12,1934.958333,0.05,0.005,0.19
1935,1,1935.041667,-0.25,0.004,-0.25
1935,2,1935.125,0.26,0.004,-0.04
1935,3,1935.208333,0.00,0.005,-0.5
1935,4,1935.291667,-0.25,0.005,-0.6
1935,5,1935.375,-0.21,0.005,-0.57
1935,6,1935.458333,-0.13,0.004,-0.15
1935,7,1935.541667,-0.09,0.004,-0.36
1935,8,1935.625,-0.12,0.004,0.26
1935,9,1935.708333,-0.13,0.004,0.16
1935,10,1935.791667,0.02,0.004,0.37
1935,11,1935.875,-0.22,0.003,0.02
1935,12,1935.958333,-0.12,0.003,-0.21
1936,1,1936.041667,-0.18,0.003,0.45
1936,2,1936.125,-0.26,0.003,0.3
1936,3,1936.208333,-0.14,0.003,0.06
1936,4,1936.291667,-0.09,0.003,0.23
1936,5,1936.375,-0.09,0.003,0.23
1936,6,1936.458333,-0.05,0.002,-0.15
1936,7,1936.541667,0.13,0.003,0.01
1936,8,1936.625,0.01,0.003,-0.01
1936,9,1936.708333,0.00,0.003,0.14
1936,10,1936.791667,0.06,0.004,0.39
1936,11,1936.875,0.07,0.004,0.23
1936,12,1936.958333,0.11,0.003,0.24
1937,1,1937.041667,0.05,0.003,-0.34
1937,2,1937.125,0.22,0.003,0.06
1937,3,1937.208333,-0.05,0.003,0.16
1937,4,1937.291667,-0.06,0.003,0.12
1937,5,1937.375,0.03,0.002,-0.2
1937,6,1937.458333,0.06,0.002,-0.23
1937,7,1937.541667,0.11,0.002,0.01
1937,8,1937.625,0.09,0.002,-0.26
1937,9,1937.708333,0.19,0.003,0.12
1937,10,1937.791667,0.16,0.003,-0.2
1937,11,1937.875,0.20,0.003,0
1937,12,1937.958333,-0.01,0.003,-0.25
1938,1,1938.041667,0.16,0.003,-0.46
1938,2,1938.125,0.11,0.003,-0.44
1938,3,1938.208333,0.25,0.005,-0.37
1938,4,1938.291667,0.22,0.005,-0.37
1938,5,1938.375,0.07,0.005,-0.48
1938,6,1938.458333,-0.02,0.005,-0.67
1938,7,1938.541667,0.08,0.005,-1.23
1938,8,1938.625,0.07,0.005,-0.8
1938,9,1938.708333,0.14,0.006,-0.61
1938,10,1938.791667,0.22,0.006,-0.78
1938,11,1938.875,0.16,0.005,-0.99
1938,12,1938.958333,-0.10,0.005,-0.85
1939,1,1939.041667,0.02,0.005,-1.02
1939,2,1939.125,0.01,0.004,-1.08
1939,3,1939.208333,-0.13,0.005,-0.8
1939,4,1939.291667,-0.05,0.005,-0.1
1939,5,1939.375,0.00,0.004,-0.02
1939,6,1939.458333,0.03,0.004,0.24
1939,7,1939.541667,0.06,0.004,0.16
1939,8,1939.625,-0.01,0.004,0.19
1939,9,1939.708333,0.01,0.004,0.13
1939,10,1939.791667,-0.04,0.003,-0.23
1939,11,1939.875,0.06,0.003,0.17
1939,12,1939.958333,0.38,0.003,0.69
1940,1,1940.041667,-0.17,0.003,1.26
1940,2,1940.125,0.02,0.004,1.4
1940,3,1940.208333,0.06,0.004,1.73
1940,4,1940.291667,0.12,0.003,1.56
1940,5,1940.375,0.05,0.003,1.44
1940,6,1940.458333,0.05,0.003,1.12
1940,7,1940.541667,0.20,0.003,0.91
1940,8,1940.625,-0.02,0.003,0.73
1940,9,1940.708333,0.08,0.003,0.61
1940,10,1940.791667,0.02,0.003,0.8
1940,11,1940.875,0.07,0.003,1.33
1940,12,1940.958333,0.12,0.003,1.7
1941,1,1941.041667,0.11,0.002,1.88
1941,2,1941.125,0.22,0.002,1.96
1941,3,1941.208333,0.05,0.002,1.95
1941,4,1941.291667,0.15,0.002,1.79
1941,5,1941.375,0.10,0.002,1.85
1941,6,1941.458333,0.08,0.002,1.93
1941,7,1941.541667,0.13,0.002,1.35
1941,8,1941.625,0.02,0.001,0.92
1941,9,1941.708333,-0.12,0.002,0.84
1941,10,1941.791667,0.21,0.002,0.98
1941,11,1941.875,0.12,0.002,1.77
1941,12,1941.958333,0.22,0.002,1.7
1942,1,1942.041667,0.22,0.003,0.88
1942,2,1942.125,-0.08,0.003,0.59
1942,3,1942.208333,0.00,0.003,0.53
1942,4,1942.291667,0.00,0.003,0.82
1942,5,1942.375,0.09,0.003,0.25
1942,6,1942.458333,0.05,0.003,-0.22
1942,7,1942.541667,0.02,0.004,-0.53
1942,8,1942.625,-0.01,0.004,-1.03
1942,9,1942.708333,0.02,0.006,-1.46
1942,10,1942.791667,0.02,0.006,-1.68
1942,11,1942.875,0.03,0.006,-1.59
1942,12,1942.958333,0.06,0.006,-1.36
1943,1,1943.041667,-0.11,0.006,-1.63
1943,2,1943.125,0.13,0.006,-1.59
1943,3,1943.208333,-0.05,0.005,-1.12
1943,4,1943.291667,0.09,0.005,-0.67
1943,5,1943.375,0.17,0.004,-0.07
1943,6,1943.458333,0.03,0.004,0.01
1943,7,1943.541667,0.16,0.004,0.18
1943,8,1943.625,0.06,0.004,0.08
1943,9,1943.708333,0.06,0.004,-0.3
1943,10,1943.791667,0.23,0.004,-0.78
1943,11,1943.875,0.19,0.003,-0.6
1943,12,1943.958333,0.26,0.003,-0.62
1944,1,1944.041667,0.37,0.003,-0.61
1944,2,1944.125,0.26,0.003,-0.13
1944,3,1944.208333,0.22,0.002,-0.15
1944,4,1944.291667,0.12,0.002,-0.1
1944,5,1944.375,0.20,0.002,0.13
1944,6,1944.458333,0.12,0.002,0.25
1944,7,1944.541667,0.20,0.002,0.24
1944,8,1944.625,0.17,0.002,-0.07
1944,9,1944.708333,0.27,0.002,-0.74
1944,10,1944.791667,0.25,0.002,-0.64
1944,11,1944.875,0.15,0.002,-0.67
1944,12,1944.958333,0.13,0.002,-0.53
1945,1,1945.041667,0.16,0.002,-0.79
1945,2,1945.125,0.13,0.003,-0.83
1945,3,1945.208333,0.13,0.003,-0.8
1945,4,1945.291667,0.19,0.003,-0.58
1945,5,1945.375,-0.03,0.002,-0.35
1945,6,1945.458333,0.01,0.002,-0.07
1945,7,1945.541667,0.04,0.002,-0.52
1945,8,1945.625,0.15,0.002,-0.57
1945,9,1945.708333,0.01,0.002,-0.6
1945,10,1945.791667,0.08,0.002,-0.48
1945,11,1945.875,0.06,0.001,-0.25
1945,12,1945.958333,-0.09,0.001,-0.07
1946,1,1946.041667,0.14,0.001,-0.14
1946,2,1946.125,0.09,0.001,-0.26
1946,3,1946.208333,-0.03,0.001,-0.31
1946,4,1946.291667,0.07,0.001,-0.48
1946,5,1946.375,-0.06,0.001,-0.17
1946,6,1946.458333,-0.13,0.002,0.11
1946,7,1946.541667,-0.02,0.002,0.24
1946,8,1946.625,-0.18,0.002,-0.58
1946,9,1946.708333,-0.02,0.002,-0.35
1946,10,1946.791667,-0.03,0.002,-0.03
1946,11,1946.875,-0.04,0.002,0.13
1946,12,1946.958333,-0.27,0.002,-0.06
1947,1,1947.041667,-0.03,0.001,0.12
1947,2,1947.125,0.00,0.001,-0.02
1947,3,1947.208333,0.15,0.001,0.2
1947,4,1947.291667,0.06,0.001,0.11
1947,5,1947.375,-0.03,0.001,0.03
1947,6,1947.458333,-0.07,0.001,0.4
1947,7,1947.541667,-0.01,0.004,0.46
1947,8,1947.625,-0.03,0.004,0.16
1947,9,1947.708333,-0.07,0.003,-0.32
1947,10,1947.791667,0.12,0.003,-0.55
1947,11,1947.875,0.12,0.003,-0.42
1947,12,1947.958333,-0.10,0.003,-0.13
1948,1,1948.041667,0.14,0.002,-0.06
1948,2,1948.125,-0.08,0.002,0.26
1948,3,1948.208333,-0.08,0.002,0.42
1948,4,1948.291667,-0.04,0.002,0.31
1948,5,1948.375,0.05,0.002,0.44
1948,6,1948.458333,0.05,0.002,0.29
1948,7,1948.541667,-0.09,0.002,0.17
1948,8,1948.625,-0.07,0.001,-0.07
1948,9,1948.708333,-0.08,0.001,-0.37
1948,10,1948.791667,0.01,0.001,-0.75
1948,11,1948.875,-0.05,0.001,-0.46
1948,12,1948.958333,-0.19,0.001,0.05
1949,1,1949.041667,0.15,0.001,-0.34
1949,2,1949.125,-0.15,0.001,-0.08
1949,3,1949.208333,-0.03,0.002,-0.64
1949,4,1949.291667,-0.10,0.003,0.04
1949,5,1949.375,-0.08,0.003,0.28
1949,6,1949.458333,-0.20,0.004,-0.41
1949,7,1949.541667,-0.09,0.004,-0.3
1949,8,1949.625,-0.05,0.004,-0.24
1949,9,1949.708333,-0.05,0.004,-0.34
1949,10,1949.791667,0.00,0.004,-0.78
1949,11,1949.875,-0.06,0.004,-1.24
1949,12,1949.958333,-0.10,0.003,-1.23
1950,1,1950.041667,-0.24,0.003,-1.5
1950,2,1950.125,-0.26,0.003,-1.77
1950,3,1950.208333,-0.01,0.003,-0.73
1950,4,1950.291667,-0.18,0.003,-0.94
1950,5,1950.375,-0.13,0.004,-1.47
1950,6,1950.458333,-0.05,0.003,-0.7
1950,7,1950.541667,-0.08,0.003,-0.48
1950,8,1950.625,-0.18,0.003,-0.59
1950,9,1950.708333,-0.11,0.002,-1.09
1950,10,1950.791667,-0.16,0.002,-0.57
1950,11,1950.875,-0.30,0.002,-1.09
1950,12,1950.958333,-0.10,0.002,-0.93
1951,1,1951.041667,-0.32,0.002,-1.04
1951,2,1951.125,-0.39,0.002,-0.07
1951,3,1951.208333,-0.17,0.002,-0.7
1951,4,1951.291667,-0.09,0.001,0.05
1951,5,1951.375,0.02,0.001,-0.22
1951,6,1951.458333,-0.04,0.001,0.04
1951,7,1951.541667,-0.01,0.001,0.41
1951,8,1951.625,0.12,0.001,0.74
1951,9,1951.708333,0.09,0.002,0.38
1951,10,1951.791667,0.14,0.003,0.8
1951,11,1951.875,0.03,0.003,0.8
1951,12,1951.958333,0.18,0.003,0.72
1952,1,1952.041667,0.14,0.004,0.37
1952,2,1952.125,0.14,0.004,0.34
1952,3,1952.208333,-0.08,0.004,-0.26
1952,4,1952.291667,0.06,0.004,0.43
1952,5,1952.375,0.00,0.004,-0.18
1952,6,1952.458333,0.04,0.004,-0.43
1952,7,1952.541667,0.08,0.004,-0.26
1952,8,1952.625,0.10,0.003,0.13
1952,9,1952.708333,0.08,0.004,-0.15
1952,10,1952.791667,-0.03,0.003,0.1
1952,11,1952.875,-0.13,0.003,-0.15
1952,12,1952.958333,-0.04,0.003,-0.48
1953,1,1953.041667,0.10,0.003,0.51
1953,2,1953.125,0.18,0.002,0.39
1953,3,1953.208333,0.16,0.002,0.27
1953,4,1953.291667,0.19,0.002,0.71
1953,5,1953.375,0.08,0.002,0.14
1953,6,1953.458333,0.05,0.003,0.38
1953,7,1953.541667,0.05,0.003,0.58
1953,8,1953.625,0.10,0.004,0.12
1953,9,1953.708333,0.10,0.004,0.81
1953,10,1953.791667,0.10,0.004,0.31
1953,11,1953.875,0.01,0.004,0.43
1953,12,1953.958333,0.15,0.005,-0.05
1954,1,1954.041667,-0.18,0.005,0.57
1954,2,1954.125,-0.04,0.005,0.26
1954,3,1954.208333,-0.08,0.005,0.21
1954,4,1954.291667,-0.10,0.004,-0.3
1954,5,1954.375,-0.16,0.004,-0.3
1954,6,1954.458333,-0.12,0.004,-0.43
1954,7,1954.541667,-0.21,0.003,-0.76
1954,8,1954.625,-0.17,0.003,-1.06
1954,9,1954.708333,-0.13,0.003,-1.09
1954,10,1954.791667,-0.03,0.003,-0.8
1954,11,1954.875,0.12,0.002,-0.87
1954,12,1954.958333,-0.11,0.002,-0.95
1955,1,1955.041667,0.19,0.002,-1.39
1955,2,1955.125,-0.13,0.002,-0.42
1955,3,1955.208333,-0.29,0.002,-0.83
1955,4,1955.291667,-0.16,0.002,-0.67
1955,5,1955.375,-0.18,0.001,-1.11
1955,6,1955.458333,-0.12,0.001,-0.78
1955,7,1955.541667,-0.06,0.001,-0.69
1955,8,1955.625,0.11,0.001,-0.78
1955,9,1955.708333,-0.07,0.002,-1.63
1955,10,1955.791667,0.01,0.002,-1.77
1955,11,1955.875,-0.22,0.002,-2.18
1955,12,1955.958333,-0.28,0.002,-1.43
1956,1,1956.041667,-0.15,0.002,-1.19
1956,2,1956.125,-0.24,0.001,-0.51
1956,3,1956.208333,-0.22,0.001,-0.78
1956,4,1956.291667,-0.21,0.001,-0.77
1956,5,1956.375,-0.22,0.001,-0.13
1956,6,1956.458333,-0.13,0.001,-0.34
1956,7,1956.541667,-0.08,0.001,-0.76
1956,8,1956.625,-0.25,0.001,-0.72
1956,9,1956.708333,-0.14,0.001,-0.86
1956,10,1956.791667,-0.20,0.001,-0.3
1956,11,1956.875,-0.16,0.001,-0.88
1956,12,1956.958333,-0.07,0.001,-0.28
1957,1,1957.041667,-0.06,0.001,-0.35
1957,2,1957.125,0.03,0.001,0.19
1957,3,1957.208333,0.03,0,0.23
1957,4,1957.291667,0.10,0,0.48
1957,5,1957.375,0.12,0,0.37
1957,6,1957.458333,0.15,0,0.41
1957,7,1957.541667,0.01,0,0.75
1957,8,1957.625,0.12,0,1.27
1957,9,1957.708333,0.08,0,0.36
1957,10,1957.791667,0.04,0,0.79
1957,11,1957.875,0.12,0,1.42
1957,12,1957.958333,0.17,0,1.61
1958,1,1958.041667,0.41,0,1.91
1958,2,1958.125,0.23,0,1.55
1958,3,1958.208333,0.14,0,1.22
1958,4,1958.291667,0.04,0,0.53
1958,5,1958.375,0.07,0,0.35
1958,6,1958.458333,-0.09,0,0.61
1958,7,1958.541667,0.08,0,0.26
1958,8,1958.625,-0.02,0,0.52
1958,9,1958.708333,-0.03,0,-0.51
1958,10,1958.791667,0.05,0,0.11
1958,11,1958.875,0.05,0,0.2
1958,12,1958.958333,0.04,0,0.54
1959,1,1959.041667,0.11,0,0.55
1959,2,1959.125,0.12,0,0.61
1959,3,1959.208333,0.22,0,0.1
1959,4,1959.291667,0.15,0,0.28
1959,5,1959.375,0.10,0,0.16
1959,6,1959.458333,0.07,0,-0.13
1959,7,1959.541667,0.07,0,-0.46
1959,8,1959.625,0.01,0,-0.38
1959,9,1959.708333,-0.08,0,-0.6
1959,10,1959.791667,-0.03,0,-0.07
1959,11,1959.875,-0.08,0,-0.11
1959,12,1959.958333,0.04,0,-0.08
1960,1,1960.041667,0.01,0,-0.03
1960,2,1960.125,0.18,0,-0.35
1960,3,1960.208333,-0.32,0,0.02
1960,4,1960.291667,-0.13,0.001,0.15
1960,5,1960.375,-0.06,0.003,-0.12
1960,6,1960.458333,-0.03,0.004,-0.14
1960,7,1960.541667,0.00,0.006,0
1960,8,1960.625,0.06,0.007,0.19
1960,9,1960.708333,0.05,0.008,-0.01
1960,10,1960.791667,0.06,0.008,-0.32
1960,11,1960.875,-0.10,0.008,-0.4
1960,12,1960.958333,0.20,0.008,-0.17
1961,1,1961.041667,0.05,0.008,-0.29
1961,2,1961.125,0.21,0.009,-0.08
1961,3,1961.208333,0.10,0.011,-0.11
1961,4,1961.291667,0.11,0.012,0.08
1961,5,1961.375,0.22,0.012,0.08
1961,6,1961.458333,0.13,0.011,0.55
1961,7,1961.541667,0.01,0.01,-0.18
1961,8,1961.625,0.03,0.011,-0.26
1961,9,1961.708333,0.08,0.012,-0.72
1961,10,1961.791667,0.07,0.012,-0.57
1961,11,1961.875,0.05,0.011,-0.35
1961,12,1961.958333,-0.15,0.01,-0.19
1962,1,1962.041667,0.05,0.009,-0.34
1962,2,1962.125,0.18,0.009,-0.33
1962,3,1962.208333,0.12,0.014,-0.27
1962,4,1962.291667,0.11,0.015,-0.4
1962,5,1962.375,-0.10,0.014,-0.52
1962,6,1962.458333,0.07,0.013,-0.09
1962,7,1962.541667,-0.03,0.013,-0.03
1962,8,1962.625,-0.05,0.016,0.1
1962,9,1962.708333,0.02,0.015,-0.54
1962,10,1962.791667,0.01,0.014,-0.43
1962,11,1962.875,0.08,0.013,-0.55
1962,12,1962.958333,0.00,0.012,-0.65
1963,1,1963.041667,0.01,0.012,-0.64
1963,2,1963.125,0.19,0.012,-0.5
1963,3,1963.208333,-0.13,0.012,0
1963,4,1963.291667,-0.07,0.017,0.14
1963,5,1963.375,-0.02,0.034,-0.21
1963,6,1963.458333,0.06,0.047,0.11
1963,7,1963.541667,0.14,0.051,0.93
1963,8,1963.625,0.26,0.056,0.92
1963,9,1963.708333,0.25,0.06,0.78
1963,10,1963.791667,0.08,0.075,0.99
1963,11,1963.875,0.14,0.088,0.94
1963,12,1963.958333,0.03,0.085,1.11
1964,1,1964.041667,-0.05,0.08,0.91
1964,2,1964.125,-0.08,0.074,0.45
1964,3,1964.208333,-0.27,0.07,-0.18
1964,4,1964.291667,-0.33,0.067,-0.62
1964,5,1964.375,-0.28,0.067,-0.94
1964,6,1964.458333,-0.02,0.07,-0.91
1964,7,1964.541667,-0.05,0.08,-0.55
1964,8,1964.625,-0.24,0.08,-0.71
1964,9,1964.708333,-0.37,0.074,-1.12
1964,10,1964.791667,-0.30,0.069,-0.76
1964,11,1964.875,-0.20,0.066,-1.19
1964,12,1964.958333,-0.30,0.063,-1.09
1965,1,1965.041667,-0.10,0.06,-0.69
1965,2,1965.125,-0.18,0.057,-0.28
1965,3,1965.208333,-0.10,0.053,0.01
1965,4,1965.291667,-0.19,0.049,0.07
1965,5,1965.375,-0.06,0.046,0.33
1965,6,1965.458333,-0.12,0.043,0.78
1965,7,1965.541667,-0.21,0.04,1.15
1965,8,1965.625,-0.06,0.037,1.34
1965,9,1965.708333,-0.16,0.035,1.29
1965,10,1965.791667,-0.06,0.032,1.56
1965,11,1965.875,-0.07,0.031,1.62
1965,12,1965.958333,-0.06,0.033,1.84
1966,1,1966.041667,-0.17,0.033,1.31
1966,2,1966.125,-0.01,0.031,0.98
1966,3,1966.208333,0.11,0.029,0.89
1966,4,1966.291667,-0.11,0.027,0.7
1966,5,1966.375,-0.07,0.025,-0.1
1966,6,1966.458333,-0.01,0.023,0.53
1966,7,1966.541667,0.11,0.022,0.37
1966,8,1966.625,-0.05,0.02,0.08
1966,9,1966.708333,0.00,0.019,-0.13
1966,10,1966.791667,-0.15,0.018,-0.09
1966,11,1966.875,0.00,0.016,-0.22
1966,12,1966.958333,-0.04,0.015,-0.3
1967,1,1967.041667,-0.07,0.014,-0.36
1967,2,1967.125,-0.23,0.013,-0.27
1967,3,1967.208333,0.08,0.012,-0.57
1967,4,1967.291667,-0.02,0.011,-0.82
1967,5,1967.375,0.11,0.011,-0.26
1967,6,1967.458333,-0.06,0.013,0.24
1967,7,1967.541667,0.06,0.014,-0.15
1967,8,1967.625,0.01,0.016,-0.22
1967,9,1967.708333,0.00,0.017,-0.61
1967,10,1967.791667,0.10,0.019,-0.51
1967,11,1967.875,-0.02,0.018,-0.33
1967,12,1967.958333,-0.01,0.016,-0.37
1968,1,1968.041667,-0.22,0.015,-0.63
1968,2,1968.125,-0.13,0.014,-0.92
1968,3,1968.208333,0.24,0.013,-0.6
1968,4,1968.291667,-0.04,0.012,-0.41
1968,5,1968.375,-0.09,0.014,-0.57
1968,6,1968.458333,0.00,0.021,0.1
1968,7,1968.541667,-0.07,0.027,0.4
1968,8,1968.625,-0.05,0.034,0.44
1968,9,1968.708333,-0.14,0.041,0.05
1968,10,1968.791667,0.13,0.047,0.32
1968,11,1968.875,-0.03,0.046,0.85
1968,12,1968.958333,-0.12,0.044,0.8
1969,1,1969.041667,-0.07,0.043,1.18
1969,2,1969.125,-0.08,0.041,1.12
1969,3,1969.208333,-0.03,0.04,0.84
1969,4,1969.291667,0.20,0.038,0.49
1969,5,1969.375,0.13,0.037,0.81
1969,6,1969.458333,0.11,0.035,0.6
1969,7,1969.541667,-0.04,0.034,0.2
1969,8,1969.625,0.00,0.032,0.63
1969,9,1969.708333,0.09,0.03,0.63
1969,10,1969.791667,0.14,0.029,0.85
1969,11,1969.875,0.16,0.027,0.73
1969,12,1969.958333,0.30,0.026,1.15
1970,1,1970.041667,0.10,0.024,0.88
1970,2,1970.125,0.23,0.023,0.41
1970,3,1970.208333,0.09,0.021,0.28
1970,4,1970.291667,0.04,0.02,0.45
1970,5,1970.375,-0.05,0.018,-0.07
1970,6,1970.458333,-0.02,0.017,-0.4
1970,7,1970.541667,-0.01,0.015,-0.86
1970,8,1970.625,-0.12,0.014,-0.88
1970,9,1970.708333,0.14,0.013,-1.06
1970,10,1970.791667,0.03,0.012,-1.19
1970,11,1970.875,0.04,0.011,-1.44
1970,12,1970.958333,-0.12,0.01,-1.84
1971,1,1971.041667,-0.02,0.009,-1.5
1971,2,1971.125,-0.20,0.009,-1.42
1971,3,1971.208333,-0.21,0.008,-1.03
1971,4,1971.291667,-0.10,0.007,-1.05
1971,5,1971.375,-0.11,0.007,-0.6
1971,6,1971.458333,-0.21,0.006,-0.56
1971,7,1971.541667,-0.11,0.006,-0.44
1971,8,1971.625,-0.02,0.005,-0.46
1971,9,1971.708333,-0.02,0.006,-0.76
1971,10,1971.791667,-0.04,0.005,-0.67
1971,11,1971.875,-0.07,0.005,-0.94
1971,12,1971.958333,-0.10,0.004,-0.86
1972,1,1972.041667,-0.26,0.004,-0.67
1972,2,1972.125,-0.20,0.004,-0.2
1972,3,1972.208333,-0.02,0.004,-0.06
1972,4,1972.291667,0.00,0.003,0.4
1972,5,1972.375,-0.02,0.003,0.6
1972,6,1972.458333,0.06,0.003,0.85
1972,7,1972.541667,0.00,0.003,1.09
1972,8,1972.625,0.20,0.004,1.43
1972,9,1972.708333,0.05,0.004,1.22
1972,10,1972.791667,0.04,0.004,1.78
1972,11,1972.875,-0.02,0.005,2.11
1972,12,1972.958333,0.18,0.005,2.14
1973,1,1973.041667,0.26,0.006,1.74
1973,2,1973.125,0.28,0.006,1.29
1973,3,1973.208333,0.25,0.006,0.68
1973,4,1973.291667,0.24,0.007,-0.15
1973,5,1973.375,0.22,0.007,-0.5
1973,6,1973.458333,0.16,0.007,-0.8
1973,7,1973.541667,0.10,0.008,-1.04
1973,8,1973.625,0.01,0.008,-1.05
1973,9,1973.708333,0.06,0.009,-1.2
1973,10,1973.791667,0.13,0.009,-1.35
1973,11,1973.875,0.04,0.009,-1.75
1973,12,1973.958333,-0.08,0.01,-1.9
1974,1,1974.041667,-0.14,0.01,-1.93
1974,2,1974.125,-0.27,0.011,-1.49
1974,3,1974.208333,-0.05,0.011,-1.1
1974,4,1974.291667,-0.12,0.011,-0.79
1974,5,1974.375,-0.04,0.012,-0.94
1974,6,1974.458333,-0.05,0.012,-0.31
1974,7,1974.541667,-0.01,0.012,-0.36
1974,8,1974.625,0.10,0.013,-0.4
1974,9,1974.708333,-0.09,0.013,-0.45
1974,10,1974.791667,-0.07,0.014,-0.73
1974,11,1974.875,-0.10,0.014,-0.93
1974,12,1974.958333,-0.11,0.018,-0.69
1975,1,1975.041667,0.01,0.023,-0.43
1975,2,1975.125,0.01,0.027,-0.36
1975,3,1975.208333,0.11,0.031,-0.55
1975,4,1975.291667,-0.03,0.036,-0.54
1975,5,1975.375,0.18,0.04,-0.89
1975,6,1975.458333,-0.03,0.037,-1.09
1975,7,1975.541667,-0.05,0.034,-0.94
1975,8,1975.625,-0.21,0.031,-1.15
1975,9,1975.708333,-0.07,0.029,-1.33
1975,10,1975.791667,-0.10,0.026,-1.53
1975,11,1975.875,-0.16,0.024,-1.28
1975,12,1975.958333,-0.21,0.022,-1.66
1976,1,1976.041667,-0.08,0.02,-1.85
1976,2,1976.125,-0.11,0.019,-1.08
1976,3,1976.208333,-0.27,0.017,-0.66
1976,4,1976.291667,-0.16,0.016,-0.69
1976,5,1976.375,-0.29,0.015,-0.54
1976,6,1976.458333,-0.14,0.014,-0.1
1976,7,1976.541667,-0.13,0.012,0.13
1976,8,1976.625,-0.19,0.011,0.37
1976,9,1976.708333,-0.11,0.01,0.56
1976,10,1976.791667,-0.29,0.01,0.98
1976,11,1976.875,-0.11,0.009,0.96
1976,12,1976.958333,0.00,0.008,0.73
1977,1,1977.041667,0.10,0.008,0.87
1977,2,1977.125,0.15,0.007,0.33
1977,3,1977.208333,0.15,0.006,0.4
1977,4,1977.291667,0.19,0.006,-0.11
1977,5,1977.375,0.29,0.005,0.27
1977,6,1977.458333,0.23,0.005,0.36
1977,7,1977.541667,0.20,0.005,0.3
1977,8,1977.625,0.17,0.004,0.14
1977,9,1977.708333,-0.04,0.004,0.32
1977,10,1977.791667,-0.05,0.004,0.71
1977,11,1977.875,0.13,0.003,0.77
1977,12,1977.958333,0.01,0.003,0.69
1978,1,1978.041667,0.03,0.003,0.83
1978,2,1978.125,0.08,0.003,0.24
1978,3,1978.208333,0.12,0.002,0.22
1978,4,1978.291667,0.09,0.003,-0.46
1978,5,1978.375,0.01,0.005,-0.37
1978,6,1978.458333,-0.08,0.007,-0.38
1978,7,1978.541667,0.04,0.008,-0.4
1978,8,1978.625,-0.21,0.01,-0.58,
1978,9,1978.708333,0.05,0.012,-0.44,
1978,10,1978.791667,-0.03,0.012,-0.18,
1978,11,1978.875,0.07,0.012,-0.11,
1978,12,1978.958333,0.01,0.012,0.06,
1979,1,1979.041667,0.06,0.013,-0.01,-0.227
1979,2,1979.125,-0.18,0.013,0,-0.125
1979,3,1979.208333,0.09,0.012,0.46,-0.139
1979,4,1979.291667,0.11,0.011,0.2,-0.265
1979,5,1979.375,-0.06,0.01,0.05,-0.227
1979,6,1979.458333,0.04,0.009,0.27,-0.201
1979,7,1979.541667,-0.07,0.008,-0.24,-0.045
1979,8,1979.625,0.09,0.008,-0.02,-0.159
1979,9,1979.708333,0.19,0.007,0.86,-0.008
1979,10,1979.791667,0.18,0.007,0.27,0.131
1979,11,1979.875,0.19,0.006,0.37,0.035
1979,12,1979.958333,0.39,0.006,0.56,0.058
1980,1,1980.041667,0.21,0.005,0.62,0.01
1980,2,1980.125,0.28,0.005,0.49,0.087
1980,3,1980.208333,0.22,0.004,0.13,-0.04
1980,4,1980.291667,0.23,0.004,0.17,0.037
1980,5,1980.375,0.27,0.004,0.2,0.094
1980,6,1980.458333,0.10,0.004,0.62,0.136
1980,7,1980.541667,0.18,0.004,0.25,-0.01
1980,8,1980.625,0.13,0.005,-0.11,0.018
1980,9,1980.708333,0.13,0.005,-0.05,0.049
1980,10,1980.791667,0.08,0.005,-0.09,0.047
1980,11,1980.875,0.23,0.005,0.09,-0.166
1980,12,1980.958333,0.10,0.005,0.43,-0.082
1981,1,1981.041667,0.47,0.005,-0.4,0.198
1981,2,1981.125,0.37,0.005,-0.53,0.202
1981,3,1981.208333,0.43,0.005,-0.23,-0.029
1981,4,1981.291667,0.24,0.004,-0.4,0.078
1981,5,1981.375,0.15,0.004,-0.3,0.007
1981,6,1981.458333,0.20,0.005,-0.08,-0.061
1981,7,1981.541667,0.31,0.005,-0.43,-0.032
1981,8,1981.625,0.35,0.005,-0.7,-0.001
1981,9,1981.708333,0.12,0.005,-0.08,-0.089
1981,10,1981.791667,0.07,0.005,0.2,-0.103
1981,11,1981.875,0.18,0.005,-0.1,0.001
1981,12,1981.958333,0.29,0.005,0.1,0.084
1982,1,1982.041667,0.01,0.006,0.21,-0.141
1982,2,1982.125,0.07,0.006,0.01,-0.099
1982,3,1982.208333,-0.11,0.006,0.06,-0.167
1982,4,1982.291667,0.01,0.024,0.33,-0.116
1982,5,1982.375,0.13,0.043,0.77,-0.228
1982,6,1982.458333,0.00,0.053,1.25,-0.168
1982,7,1982.541667,0.13,0.068,1.02,-0.319
1982,8,1982.625,-0.06,0.074,1.23,-0.226
1982,9,1982.708333,0.01,0.078,1.47,-0.123
1982,10,1982.791667,0.02,0.084,2.05,-0.258
1982,11,1982.875,0.04,0.09,2.29,-0.179
1982,12,1982.958333,0.34,0.098,2.74,-0.053
1983,1,1983.041667,0.44,0.096,2.85,0.185
1983,2,1983.125,0.37,0.094,2.44,0.043
1983,3,1983.208333,0.37,0.096,1.89,0.271
1983,4,1983.291667,0.27,0.091,1.22,0.151
1983,5,1983.375,0.30,0.086,1.13,0.109
1983,6,1983.458333,0.18,0.079,0.74,-0.096
1983,7,1983.541667,0.13,0.073,-0.01,0.151
1983,8,1983.625,0.30,0.067,-0.18,0.104
1983,9,1983.708333,0.35,0.062,-0.2,0.019
1983,10,1983.791667,0.10,0.057,-0.73,-0.027
1983,11,1983.875,0.23,0.052,-0.93,0.079
1983,12,1983.958333,0.11,0.049,-0.89,-0.217
1984,1,1984.041667,0.23,0.045,-0.87,-0.267
1984,2,1984.125,0.06,0.041,-0.31,-0.14
1984,3,1984.208333,0.21,0.038,-0.28,-0.154
1984,4,1984.291667,0.02,0.035,-0.29,-0.226
1984,5,1984.375,0.30,0.032,-0.37,-0.095
1984,6,1984.458333,-0.05,0.03,-0.64,-0.207
1984,7,1984.541667,0.15,0.028,-0.33,-0.199
1984,8,1984.625,0.13,0.026,-0.36,-0.168
1984,9,1984.708333,0.18,0.024,-0.22,-0.458
1984,10,1984.791667,0.05,0.022,-0.67,-0.147
1984,11,1984.875,-0.05,0.02,-1.1,-0.274
1984,12,1984.958333,-0.15,0.019,-1.47,-0.371
1985,1,1985.041667,0.15,0.016,-1.08,-0.252
1985,2,1985.125,-0.12,0.016,-1.02,-0.274
1985,3,1985.208333,0.12,0.014,-0.92,-0.276
1985,4,1985.291667,0.05,0.014,-0.89,-0.318
1985,5,1985.375,0.06,0.013,-0.65,-0.327
1985,6,1985.458333,0.12,0.012,-0.63,-0.333
1985,7,1985.541667,-0.03,0.012,-0.38,-0.358
1985,8,1985.625,0.12,0.011,-0.2,-0.199
1985,9,1985.708333,0.07,0.01,-0.39,-0.194
1985,10,1985.791667,0.05,0.01,-0.41,-0.288
1985,11,1985.875,-0.02,0.01,-0.32,-0.149
1985,12,1985.958333,0.08,0.012,-0.37,-0.151
1986,1,1986.041667,0.20,0.014,-0.72,-0.031
1986,2,1986.125,0.38,0.016,-0.75,-0.237
1986,3,1986.208333,0.25,0.014,-0.49,-0.161
1986,4,1986.291667,0.18,0.015,-0.25,-0.054
1986,5,1986.375,0.12,0.014,-0.26,-0.095
1986,6,1986.458333,0.06,0.013,0.19,-0.157
1986,7,1986.541667,0.06,0.013,0.29,-0.201
1986,8,1986.625,0.11,0.014,0.45,-0.18
1986,9,1986.708333,0.01,0.013,0.69,-0.183
1986,10,1986.791667,0.06,0.012,0.97,-0.247
1986,11,1986.875,0.01,0.012,1.22,-0.099
1986,12,1986.958333,0.06,0.012,1.23,-0.021
1987,1,1987.041667,0.25,0.012,1.39,0.133
1987,2,1987.125,0.37,0.011,1.33,0.148
1987,3,1987.208333,0.16,0.011,1.32,-0.136
1987,4,1987.291667,0.20,0.01,1.11,0.138
1987,5,1987.375,0.18,0.01,0.99,-0.014
1987,6,1987.458333,0.30,0.01,1.53,0.122
1987,7,1987.541667,0.38,0.011,1.73,0.064
1987,8,1987.625,0.15,0.011,1.88,0.031
1987,9,1987.708333,0.30,0.01,1.75,0.022
1987,10,1987.791667,0.26,0.009,1.48,0.151
1987,11,1987.875,0.23,0.009,1.47,0.181
1987,12,1987.958333,0.43,0.009,1.13,0.351
1988,1,1988.041667,0.51,0.008,0.81,0.224
1988,2,1988.125,0.35,0.009,0.53,-0.035
1988,3,1988.208333,0.47,0.008,0.17,0.197
1988,4,1988.291667,0.35,0.007,-0.36,0.085
1988,5,1988.375,0.38,0.007,-1.28,0.11
1988,6,1988.458333,0.39,0.007,-1.38,0.085
1988,7,1988.541667,0.26,0.008,-1.51,0.183
1988,8,1988.625,0.28,0.009,-1.46,0.038
1988,9,1988.708333,0.30,0.007,-1.21,0.228
1988,10,1988.791667,0.29,0.006,-1.98,-0.052
1988,11,1988.875,-0.02,0.007,-2.24,-0.103
1988,12,1988.958333,0.18,0.007,-2.14,-0.159
1989,1,1989.041667,0.03,0.007,-1.98,-0.295
1989,2,1989.125,0.29,0.006,-1.36,-0.194
1989,3,1989.208333,0.27,0.006,-1.24,-0.266
1989,4,1989.291667,0.16,0.006,-1,-0.132
1989,5,1989.375,0.04,0.005,-0.67,-0.143
1989,6,1989.458333,0.07,0.006,-0.51,-0.151
1989,7,1989.541667,0.29,0.007,-0.34,-0.067
1989,8,1989.625,0.27,0.008,-0.37,-0.099
1989,9,1989.708333,0.32,0.006,-0.39,0.021
1989,10,1989.791667,0.26,0.005,-0.34,-0.035
1989,11,1989.875,0.09,0.005,-0.28,-0.063
1989,12,1989.958333,0.27,0.005,-0.09,-0.003
1990,1,1990.041667,0.32,0.006,0.04,-0.083
1990,2,1990.125,0.29,0.007,0.26,-0.126
1990,3,1990.208333,0.67,0.006,0.32,0.215
1990,4,1990.291667,0.48,0.004,0.33,0.042
1990,5,1990.375,0.37,0.004,0.3,0.081
1990,6,1990.458333,0.31,0.006,0.09,0.133
1990,7,1990.541667,0.47,0.007,0.18,-0.007
1990,8,1990.625,0.28,0.007,0.35,0.015
1990,9,1990.708333,0.17,0.007,0.11,-0.028
1990,10,1990.791667,0.40,0.006,0.38,0.124
1990,11,1990.875,0.41,0.006,0.21,0.335
1990,12,1990.958333,0.36,0.006,0.43,0.196
1991,1,1991.041667,0.35,0.006,0.5,0.117
1991,2,1991.125,0.45,0.006,0.24,0.069
1991,3,1991.208333,0.29,0.005,0.1,0.284
1991,4,1991.291667,0.45,0.005,0.3,0.065
1991,5,1991.375,0.30,0.005,0.59,0.164
1991,6,1991.458333,0.49,0.018,0.87,0.297
1991,7,1991.541667,0.49,0.038,0.85,0.148
1991,8,1991.625,0.38,0.071,0.73,0.162
1991,9,1991.708333,0.39,0.096,0.43,0.019
1991,10,1991.791667,0.21,0.12,1.03,-0.051
1991,11,1991.875,0.19,0.138,1.34,-0.111
1991,12,1991.958333,0.24,0.138,1.89,-0.189
1992,1,1992.041667,0.40,0.148,1.9,-0.009
1992,2,1992.125,0.35,0.149,1.94,-0.121
1992,3,1992.208333,0.35,0.143,1.69,-0.004
1992,4,1992.291667,0.14,0.139,1.46,-0.162
1992,5,1992.375,0.19,0.138,1.23,-0.171
1992,6,1992.458333,0.15,0.126,0.52,-0.172
1992,7,1992.541667,0.00,0.123,0.45,-0.318
1992,8,1992.625,0.01,0.114,-0.06,-0.371
1992,9,1992.708333,-0.10,0.104,-0.16,-0.31
1992,10,1992.791667,-0.04,0.098,-0.26,-0.156
1992,11,1992.875,-0.09,0.092,-0.01,-0.147
1992,12,1992.958333,0.12,0.079,0.25,-0.206
1993,1,1993.041667,0.28,0.074,0.18,-0.215
1993,2,1993.125,0.28,0.066,0.28,-0.162
1993,3,1993.208333,0.29,0.061,0.52,-0.285
1993,4,1993.291667,0.17,0.056,0.9,-0.203
1993,5,1993.375,0.17,0.052,1.06,-0.096
1993,6,1993.458333,0.10,0.048,0.79,-0.024
1993,7,1993.541667,0.12,0.044,0.48,-0.008
1993,8,1993.625,0.03,0.042,0.14,-0.14
1993,9,1993.708333,0.00,0.039,0.28,-0.272
1993,10,1993.791667,0.15,0.037,0.33,-0.035
1993,11,1993.875,0.02,0.035,0.39,-0.084
1993,12,1993.958333,0.06,0.031,0.29,0.116
1994,1,1994.041667,0.24,0.028,0.08,0.009
1994,2,1994.125,-0.05,0.026,-0.1,-0.067
1994,3,1994.208333,0.20,0.024,0.13,-0.033
1994,4,1994.291667,0.28,0.022,0.22,-0.082
1994,5,1994.375,0.16,0.02,0.28,0
1994,6,1994.458333,0.34,0.018,0.49,0.069
1994,7,1994.541667,0.21,0.018,0.28,0.082
1994,8,1994.625,0.18,0.017,0.65,0.064
1994,9,1994.708333,0.30,0.016,0.36,0.114
1994,10,1994.791667,0.37,0.016,0.9,-0.065
1994,11,1994.875,0.33,0.016,1.36,0.128
1994,12,1994.958333,0.25,0.016,1.4,0.121
1995,1,1995.041667,0.43,0.012,1.04,0.178
1995,2,1995.125,0.71,0.012,0.76,0.133
1995,3,1995.208333,0.44,0.011,0.48,0.036
1995,4,1995.291667,0.39,0.01,0.25,0.248
1995,5,1995.375,0.08,0.01,-0.04,0.131
1995,6,1995.458333,0.35,0.009,0.09,0.164
1995,7,1995.541667,0.50,0.009,-0.07,0.045
1995,8,1995.625,0.37,0.009,-0.38,0.286
1995,9,1995.708333,0.23,0.008,-0.68,0.325
1995,10,1995.791667,0.44,0.009,-0.93,0.205
1995,11,1995.875,0.37,0.009,-0.86,0.209
1995,12,1995.958333,0.25,0.008,-0.91,-0.053
1996,1,1996.041667,0.26,0.007,-0.77,-0.041
1996,2,1996.125,0.47,0.007,-0.85,0.109
1996,3,1996.208333,0.33,0.007,-0.52,0.102
1996,4,1996.291667,0.26,0.006,-0.32,-0.082
1996,5,1996.375,0.19,0.007,-0.39,0.005
1996,6,1996.458333,0.17,0.006,-0.17,-0.023
1996,7,1996.541667,0.38,0.006,0.01,0.117
1996,8,1996.625,0.44,0.006,-0.14,0.048
1996,9,1996.708333,0.25,0.006,-0.3,0.182
1996,10,1996.791667,0.17,0.006,-0.36,0.125
1996,11,1996.875,0.35,0.006,-0.32,0.054
1996,12,1996.958333,0.32,0.006,-0.45,-0.034
1997,1,1997.041667,0.27,0.006,-0.55,-0.043
1997,2,1997.125,0.29,0.006,-0.33,0.053
1997,3,1997.208333,0.46,0.005,-0.11,-0.003
1997,4,1997.291667,0.32,0.005,0.34,-0.063
1997,5,1997.375,0.32,0.005,0.84,0.025
1997,6,1997.458333,0.50,0.005,1.45,0.018
1997,7,1997.541667,0.26,0.005,1.85,0.166
1997,8,1997.625,0.37,0.005,2.14,0.202
1997,9,1997.708333,0.41,0.005,2.29,0.191
1997,10,1997.791667,0.50,0.005,2.64,0.22
1997,11,1997.875,0.56,0.005,2.8,0.159
1997,12,1997.958333,0.53,0.004,2.78,0.303
1998,1,1998.041667,0.52,0.004,2.59,0.55
1998,2,1998.125,0.79,0.004,2.17,0.736
1998,3,1998.208333,0.56,0.003,1.53,0.586
1998,4,1998.291667,0.55,0.003,0.87,0.858
1998,5,1998.375,0.61,0.003,0.71,0.668
1998,6,1998.458333,0.68,0.003,-0.78,0.568
1998,7,1998.541667,0.71,0.002,-1.14,0.606
1998,8,1998.625,0.63,0.002,-1.22,0.573
1998,9,1998.708333,0.43,0.002,-1.04,0.494
1998,10,1998.791667,0.40,0.002,-1.26,0.461
1998,11,1998.875,0.43,0.002,-1.33,0.196
1998,12,1998.958333,0.51,0.002,-1.69,0.312
1999,1,1999.041667,0.40,0.001,-1.61,0.164
1999,2,1999.125,0.60,0.001,-1.28,0.297
1999,3,1999.208333,0.27,0.001,-0.89,-0.032
1999,4,1999.291667,0.26,0.001,-0.84,0.165
1999,5,1999.375,0.21,0.001,-0.79,0.092
1999,6,1999.458333,0.36,0.001,-0.9,-0.106
1999,7,1999.541667,0.30,0.001,-0.73,0.074
1999,8,1999.625,0.28,0.001,-1.12,0.024
1999,9,1999.708333,0.27,0.001,-0.94,0.136
1999,10,1999.791667,0.31,0.001,-0.96,0.063
1999,11,1999.875,0.32,0.001,-1.39,0.047
1999,12,1999.958333,0.33,0.001,-1.57,0.116
2000,1,2000.041667,0.17,,-1.86,-0.068
2000,2,2000.125,0.51,,-1.51,0.101
2000,3,2000.208333,0.46,,-1.06,0.129
2000,4,2000.291667,0.53,,-0.67,0.249
2000,5,2000.375,0.29,,-0.64,0.171
2000,6,2000.458333,0.35,,-0.46,0.11
2000,7,2000.541667,0.33,,-0.36,0.045
2000,8,2000.625,0.38,,-0.25,0.001
2000,9,2000.708333,0.31,,-0.43,0.115
2000,10,2000.791667,0.19,,-0.63,0.103
2000,11,2000.875,0.26,,-0.74,0.021
2000,12,2000.958333,0.20,,-0.88,0.008
2001,1,2001.041667,0.38,,-0.77,0.096
2001,2,2001.125,0.41,,-0.58,0.12
2001,3,2001.208333,0.54,,-0.3,0.175
2001,4,2001.291667,0.40,,-0.16,0.359
2001,5,2001.375,0.51,,-0.16,0.301
2001,6,2001.458333,0.47,,0.19,0.114
2001,7,2001.541667,0.50,,0.24,0.175
2001,8,2001.625,0.45,,0.17,0.435
2001,9,2001.708333,0.49,,-0.09,0.207
2001,10,2001.791667,0.44,,0,0.327
2001,11,2001.875,0.67,,-0.07,0.331
2001,12,2001.958333,0.51,,-0.3,0.292
2002,1,2002.041667,0.71,,-0.02,0.363
2002,2,2002.125,0.70,,0.25,0.454
2002,3,2002.208333,0.84,,0.17,0.343
2002,4,2002.291667,0.58,,0.26,0.382
2002,5,2002.375,0.56,,0.39,0.334
2002,6,2002.458333,0.46,,0.94,0.405
2002,7,2002.541667,0.56,,0.9,0.378
2002,8,2002.625,0.45,,1.08,0.354
2002,9,2002.708333,0.49,,1.19,0.324
2002,10,2002.791667,0.49,,1.46,0.139
2002,11,2002.875,0.51,,1.75,0.306
2002,12,2002.958333,0.36,,1.62,0.236
2003,1,2003.041667,0.64,,1.24,0.461
2003,2,2003.125,0.51,,0.8,0.337
2003,3,2003.208333,0.51,,0.66,0.252
2003,4,2003.291667,0.49,,0.13,0.325
2003,5,2003.375,0.51,,-0.39,0.395
2003,6,2003.458333,0.39,,-0.01,0.196
2003,7,2003.541667,0.49,,0.35,0.332
2003,8,2003.625,0.63,,0.15,0.314
2003,9,2003.708333,0.60,,0.32,0.362
2003,10,2003.791667,0.66,,0.6,0.464
2003,11,2003.875,0.49,,0.53,0.366
2003,12,2003.958333,0.68,,0.42,0.487
2004,1,2004.041667,0.52,,0.23,0.355
2004,2,2004.125,0.67,,0.17,0.344
2004,3,2004.208333,0.58,,-0.05,0.454
2004,4,2004.291667,0.52,,0.17,0.291
2004,5,2004.375,0.37,,0.29,0.207
2004,6,2004.458333,0.32,,0.27,0.169
2004,7,2004.541667,0.21,,0.61,0.061
2004,8,2004.625,0.43,,0.83,0.122
2004,9,2004.708333,0.46,,0.83,0.25
2004,10,2004.791667,0.58,,0.79,0.331
2004,11,2004.875,0.63,,0.79,0.263
2004,12,2004.958333,0.51,,0.84,0.166
2005,1,2005.041667,0.69,,0.59,0.493
2005,2,2005.125,0.56,,0.27,0.365
2005,3,2005.208333,0.70,,0.4,0.333
2005,4,2005.291667,0.63,,0.39,0.512
2005,5,2005.375,0.55,,0.44,0.347
2005,6,2005.458333,0.59,,0.56,0.334
2005,7,2005.541667,0.55,,0.39,0.43
2005,8,2005.625,0.57,,0.17,0.302
2005,9,2005.708333,0.68,,-0.01,0.403
2005,10,2005.791667,0.71,,0.16,0.394
2005,11,2005.875,0.64,,-0.18,0.363
2005,12,2005.958333,0.59,,-0.58,0.219
2006,1,2006.041667,0.48,,-0.87,0.295
2006,2,2006.125,0.60,,-0.61,0.294
2006,3,2006.208333,0.56,,-0.58,0.29
2006,4,2006.291667,0.45,,-0.09,0.27
2006,5,2006.375,0.43,,0.15,0.124
2006,6,2006.458333,0.53,,0.35,0.252
2006,7,2006.541667,0.43,,0.27,0.299
2006,8,2006.625,0.59,,0.51,0.285
2006,9,2006.708333,0.55,,0.7,0.338
2006,10,2006.791667,0.60,,0.88,0.315
2006,11,2006.875,0.65,,1.21,0.24
2006,12,2006.958333,0.70,,1.29,0.334
2007,1,2007.041667,0.86,,0.74,0.592
2007,2,2007.125,0.63,,0.12,0.389
2007,3,2007.208333,0.60,,0.03,0.409
2007,4,2007.291667,0.65,,0.1,0.333
2007,5,2007.375,0.55,,-0.19,0.234
2007,6,2007.458333,0.53,,0.06,0.278
2007,7,2007.541667,0.53,,-0.29,0.349
2007,8,2007.625,0.55,,-0.5,0.383
2007,9,2007.708333,0.50,,-0.87,0.281
2007,10,2007.791667,0.55,,-1.38,0.225
2007,11,2007.875,0.48,,-1.45,0.131
2007,12,2007.958333,0.40,,-1.5,0.096
2008,1,2008.041667,0.15,,-1.81,-0.066
2008,2,2008.125,0.25,,-1.86,-0.012
2008,3,2008.208333,0.64,,-1.08,0.063
2008,4,2008.291667,0.42,,-0.85,0.067
2008,5,2008.375,0.41,,-0.58,-0.078
2008,6,2008.458333,0.34,,-0.32,0.063
2008,7,2008.541667,0.52,,0.11,0.158
2008,8,2008.625,0.38,,0.14,0.145
2008,9,2008.708333,0.52,,-0.2,0.194
2008,10,2008.791667,0.58,,-0.26,0.181
2008,11,2008.875,0.59,,-0.22,0.216
2008,12,2008.958333,0.45,,-0.73,0.172
2009,1,2009.041667,,,-0.99,0.322
